Chromosome,Position,Ref,Alt,EFFECT,AA_REF,AA_ALT,Grantham_Score,Grantham_Category,VAF,DP,REVEL,BAYESDEL,TCGA_COUNT,Pathogenicity_Prediction,Pathogenicity_Confidence,Origin_Prediction,Origin_Confidence,NF_Origin_Prediction,NF_Origin_Confidence
chr17,7673745,A,C,missense,K,F,102.0,moderately_radical,0.188,126,0.47,-0.1096,0,Functional,0.806,Somatic,0.992,N/A,
chr17,7674923,T,G,missense,V,G,109.0,moderately_radical,0.51,58,0.349,-0.414,0,Functional,0.738,Germline,0.975,N/A,
chr17,7670684,G,T,missense,R,K,26.0,conservative,0.173,256,0.228,-0.4272,0,Functional,0.821,Somatic,0.986,N/A,
chr17,7674903,A,C,missense,N,E,42.0,conservative,0.482,50,0.037,-0.3585,0,Functional,0.844,Germline,0.905,N/A,
chr17,7675127,T,G,missense,I,Q,109.0,moderately_radical,0.501,84,0.507,-0.0111,0,Functional,0.765,Germline,0.962,N/A,
chr17,7675058,G,T,missense,S,Y,144.0,moderately_radical,0.132,229,0.592,0.2042,0,Functional,0.558,Somatic,1.0,N/A,
chr17,7675175,G,A,missense,W,V,88.0,moderately_conservative,0.02,291,0.337,-0.1936,0,Functional,0.8,Somatic,0.994,N/A,
chr17,7674941,T,C,missense,V,Q,96.0,moderately_conservative,0.284,193,0.408,0.1239,0,Functional,0.681,Somatic,0.999,N/A,
chr17,7673712,G,A,missense,S,Y,144.0,moderately_radical,0.516,74,0.667,0.1205,0,Functional,0.696,Germline,0.983,N/A,
chr17,7675202,T,C,missense,L,K,107.0,moderately_radical,0.534,59,0.257,-0.046,0,Functional,0.709,Germline,0.914,N/A,
chr17,7676047,G,T,missense,G,F,153.0,radical,0.201,425,0.582,0.5414,0,Non-functional,0.599,Somatic,0.989,Somatic,0.969
chr17,7675077,C,A,missense,H,E,40.0,conservative,0.525,117,0.132,-0.3241,0,Functional,0.821,Germline,0.817,N/A,
chr17,7674968,T,G,missense,L,E,138.0,moderately_radical,0.6,76,0.676,0.3642,0,Functional,0.606,Germline,0.99,N/A,
chr17,7676136,C,A,missense,A,K,106.0,moderately_radical,0.539,100,0.645,0.1565,0,Functional,0.599,Germline,0.981,N/A,
chr17,7676016,C,G,missense,T,P,38.0,conservative,0.135,267,0.216,-0.4507,0,Functional,0.845,Somatic,0.994,N/A,
chr17,7676566,T,G,missense,V,Q,96.0,moderately_conservative,0.253,446,0.431,-0.0033,0,Functional,0.78,Somatic,1.0,N/A,
chr17,7674235,T,G,missense,M,P,87.0,moderately_conservative,0.074,333,0.364,-0.0829,0,Functional,0.782,Somatic,0.988,N/A,
chr17,7676080,G,T,missense,V,S,124.0,moderately_radical,0.6,94,0.55,0.0927,0,Functional,0.749,Germline,0.96,N/A,
chr17,7675086,T,C,missense,C,A,195.0,radical,0.506,40,0.672,0.6486,0,Non-functional,0.703,Germline,0.901,Germline,0.903
chr17,7676100,C,G,missense,S,K,121.0,moderately_radical,0.105,469,0.472,-0.009,0,Functional,0.779,Somatic,0.998,N/A,
chr17,7675184,T,C,missense,V,P,68.0,moderately_conservative,0.13,209,0.105,-0.225,0,Functional,0.758,Somatic,0.993,N/A,
chr17,7675190,G,T,missense,C,T,149.0,moderately_radical,0.458,35,0.566,-0.1457,0,Functional,0.592,Germline,0.965,N/A,
chr17,7674205,C,A,missense,T,V,69.0,moderately_conservative,0.085,327,0.226,-0.1807,0,Functional,0.749,Somatic,0.997,N/A,
chr17,7675161,C,T,missense,P,W,147.0,moderately_radical,0.563,49,0.407,0.1799,0,Functional,0.513,Germline,0.976,N/A,
chr17,7676133,C,T,missense,A,I,94.0,moderately_conservative,0.364,113,0.535,-0.1441,0,Functional,0.783,Somatic,0.514,N/A,
chr17,7670656,G,T,missense,K,T,78.0,moderately_conservative,0.118,222,0.281,-0.3069,0,Functional,0.79,Somatic,0.997,N/A,
chr17,7674278,T,G,missense,C,P,169.0,radical,0.157,145,0.736,0.2803,0,Non-functional,0.548,Somatic,0.993,Somatic,0.997
chr17,7675218,A,G,missense,K,V,97.0,moderately_conservative,0.595,71,0.207,0.1799,0,Non-functional,0.53,Germline,0.926,Germline,0.93
chr17,7670687,T,G,missense,F,R,97.0,moderately_conservative,0.062,132,0.37,-0.1028,0,Functional,0.791,Somatic,0.995,N/A,
chr17,7674868,G,C,missense,E,C,170.0,radical,0.343,313,0.658,0.5813,0,Non-functional,0.578,Somatic,0.992,Somatic,0.978
chr17,7676213,A,T,missense,Q,K,53.0,moderately_conservative,0.576,34,0.255,-0.3465,0,Functional,0.774,Germline,0.905,N/A,
chr17,7675058,G,C,missense,S,M,135.0,moderately_radical,0.418,96,0.667,0.3505,0,Functional,0.533,Germline,0.976,N/A,
chr17,7676143,G,C,missense,A,Y,112.0,moderately_radical,0.278,166,0.434,-0.1435,0,Functional,0.85,Somatic,0.994,N/A,
chr17,7670616,C,A,missense,H,G,98.0,moderately_conservative,0.562,84,0.418,0.0359,0,Functional,0.818,Germline,0.924,N/A,
chr17,7674246,C,A,missense,N,E,42.0,conservative,0.557,51,0.106,-0.3736,0,Functional,0.823,Germline,0.9,N/A,
chr17,7673573,A,T,missense,K,Y,85.0,moderately_conservative,0.265,138,0.315,0.164,0,Functional,0.726,Somatic,0.997,N/A,
chr17,7675226,C,G,missense,A,I,94.0,moderately_conservative,0.486,64,0.362,-0.1448,0,Functional,0.856,Germline,0.995,N/A,
chr17,7676074,T,G,missense,S,C,112.0,moderately_radical,0.034,142,0.559,0.1944,0,Functional,0.512,Somatic,1.0,N/A,
chr17,7669685,T,C,missense,L,R,102.0,moderately_radical,0.484,90,0.367,0.0851,0,Functional,0.783,Germline,0.935,N/A,
chr17,7676056,G,A,missense,G,T,59.0,moderately_conservative,0.519,66,0.438,-0.0495,0,Functional,0.817,Germline,0.982,N/A,
chr17,7675218,A,C,missense,K,P,103.0,moderately_radical,0.457,52,0.616,0.2971,0,Non-functional,0.716,Germline,0.99,Germline,0.965
chr17,7676395,A,T,missense,E,T,65.0,moderately_conservative,0.516,38,0.184,-0.2638,0,Functional,0.786,Germline,0.902,N/A,
chr17,7675151,G,A,missense,G,F,153.0,radical,0.598,38,0.455,0.4793,0,Non-functional,0.584,Germline,0.96,Germline,0.961
chr17,7676130,C,A,missense,P,H,77.0,moderately_conservative,0.096,459,0.15,-0.3133,0,Functional,0.798,Somatic,0.997,N/A,
chr17,7673535,G,T,missense,Q,K,53.0,moderately_conservative,0.381,355,0.098,-0.1733,0,Functional,0.792,Somatic,0.893,N/A,
chr17,7676121,C,G,missense,A,R,112.0,moderately_radical,0.509,89,0.602,-0.0242,0,Functional,0.603,Germline,0.939,N/A,
chr17,7674202,T,G,missense,I,E,149.0,moderately_radical,0.02,347,0.557,0.5062,0,Non-functional,0.686,Somatic,1.0,Somatic,0.99
chr17,7676067,A,G,missense,K,W,110.0,moderately_radical,0.285,445,0.452,0.0401,0,Functional,0.858,Somatic,1.0,N/A,
chr17,7676387,G,C,missense,V,K,97.0,moderately_conservative,0.02,369,0.48,-0.3147,0,Functional,0.735,Somatic,0.998,N/A,
chr17,7673751,G,C,missense,R,G,125.0,moderately_radical,0.325,344,0.533,0.0633,0,Functional,0.686,Somatic,0.992,N/A,
