Chromosome,Position,Ref,Alt,EFFECT,AA_REF,AA_ALT,Grantham_Score,Grantham_Category,VAF,DP,REVEL,BAYESDEL,TCGA_COUNT,Pathogenicity_Prediction,Pathogenicity_Confidence,Origin_Prediction,Origin_Confidence,NF_Origin_Prediction,NF_Origin_Confidence
chr17,7670616,C,A,missense,H,G,98.0,moderately_conservative,0.562,84,0.418,0.0359,0,Functional,0.818,Germline,0.924,N/A,
chr17,7675151,G,A,missense,G,F,153.0,radical,0.598,38,0.455,0.4793,0,Non-functional,0.584,Germline,0.96,Germline,0.961
chr17,7669685,T,C,missense,L,R,102.0,moderately_radical,0.484,90,0.367,0.0851,0,Functional,0.783,Germline,0.935,N/A,
chr17,7675218,A,C,missense,K,P,103.0,moderately_radical,0.457,52,0.616,0.2971,0,Non-functional,0.716,Germline,0.99,Germline,0.965
chr17,7676213,A,T,missense,Q,K,53.0,moderately_conservative,0.576,34,0.255,-0.3465,0,Functional,0.774,Germline,0.905,N/A,
chr17,7673712,G,A,missense,S,Y,144.0,moderately_radical,0.516,74,0.667,0.1205,0,Functional,0.696,Germline,0.983,N/A,
chr17,7675202,T,C,missense,L,K,107.0,moderately_radical,0.534,59,0.257,-0.046,0,Functional,0.709,Germline,0.914,N/A,
chr17,7674246,C,A,missense,N,E,42.0,conservative,0.557,51,0.106,-0.3736,0,Functional,0.823,Germline,0.9,N/A,
chr17,7675058,G,C,missense,S,M,135.0,moderately_radical,0.418,96,0.667,0.3505,0,Functional,0.533,Germline,0.976,N/A,
chr17,7675086,T,C,missense,C,A,195.0,radical,0.506,40,0.672,0.6486,0,Non-functional,0.703,Germline,0.901,Germline,0.903
chr17,7676121,C,G,missense,A,R,112.0,moderately_radical,0.509,89,0.602,-0.0242,0,Functional,0.603,Germline,0.939,N/A,
chr17,7676056,G,A,missense,G,T,59.0,moderately_conservative,0.519,66,0.438,-0.0495,0,Functional,0.817,Germline,0.982,N/A,
chr17,7676133,C,T,missense,A,I,94.0,moderately_conservative,0.364,113,0.535,-0.1441,0,Functional,0.783,Somatic,0.514,N/A,
chr17,7675190,G,T,missense,C,T,149.0,moderately_radical,0.458,35,0.566,-0.1457,0,Functional,0.592,Germline,0.965,N/A,
chr17,7674968,T,G,missense,L,E,138.0,moderately_radical,0.6,76,0.676,0.3642,0,Functional,0.606,Germline,0.99,N/A,
chr17,7676080,G,T,missense,V,S,124.0,moderately_radical,0.6,94,0.55,0.0927,0,Functional,0.749,Germline,0.96,N/A,
chr17,7674903,A,C,missense,N,E,42.0,conservative,0.482,50,0.037,-0.3585,0,Functional,0.844,Germline,0.905,N/A,
chr17,7675161,C,T,missense,P,W,147.0,moderately_radical,0.563,49,0.407,0.1799,0,Functional,0.513,Germline,0.976,N/A,
chr17,7674923,T,G,missense,V,G,109.0,moderately_radical,0.51,58,0.349,-0.414,0,Functional,0.738,Germline,0.975,N/A,
chr17,7675077,C,A,missense,H,E,40.0,conservative,0.525,117,0.132,-0.3241,0,Functional,0.821,Germline,0.817,N/A,
chr17,7676395,A,T,missense,E,T,65.0,moderately_conservative,0.516,38,0.184,-0.2638,0,Functional,0.786,Germline,0.902,N/A,
chr17,7676136,C,A,missense,A,K,106.0,moderately_radical,0.539,100,0.645,0.1565,0,Functional,0.599,Germline,0.981,N/A,
chr17,7675218,A,G,missense,K,V,97.0,moderately_conservative,0.595,71,0.207,0.1799,0,Non-functional,0.53,Germline,0.926,Germline,0.93
chr17,7675127,T,G,missense,I,Q,109.0,moderately_radical,0.501,84,0.507,-0.0111,0,Functional,0.765,Germline,0.962,N/A,
chr17,7675226,C,G,missense,A,I,94.0,moderately_conservative,0.486,64,0.362,-0.1448,0,Functional,0.856,Germline,0.995,N/A,
chr17,7673539,T,C,missense,L,Q,113.0,moderately_radical,0.509,80,0.466,0.0052,0,Functional,0.839,Germline,0.945,N/A,
chr17,7673761,G,T,missense,E,F,160.0,radical,0.555,94,0.536,0.3906,0,Functional,0.525,Germline,0.958,N/A,
chr17,7675181,A,G,missense,Q,W,130.0,moderately_radical,0.532,98,0.585,0.3381,0,Non-functional,0.665,Germline,0.969,Germline,0.934
chr17,7673597,A,G,missense,N,W,174.0,radical,0.484,47,0.814,0.2775,0,Non-functional,0.589,Germline,0.991,Germline,0.961
chr17,7675115,C,T,missense,S,V,124.0,moderately_radical,0.486,32,0.602,0.2525,0,Non-functional,0.532,Germline,0.984,Germline,0.975
chr17,7674933,A,G,missense,N,Y,143.0,moderately_radical,0.571,100,0.627,0.1971,0,Non-functional,0.515,Germline,0.981,Germline,0.974
chr17,7674900,A,G,missense,T,M,81.0,moderately_conservative,0.558,54,0.124,-0.0759,0,Functional,0.753,Germline,0.908,N/A,
chr17,7676082,C,T,missense,S,D,65.0,moderately_conservative,0.537,69,0.406,-0.3141,0,Functional,0.735,Germline,0.972,N/A,
chr17,7674210,C,T,missense,I,P,95.0,moderately_conservative,0.485,64,0.379,-0.1786,0,Functional,0.792,Germline,0.973,N/A,
chr17,7676070,A,T,missense,Q,V,96.0,moderately_conservative,0.497,110,0.457,-0.1253,0,Functional,0.838,Germline,0.959,N/A,
chr17,7675103,C,T,missense,T,G,59.0,moderately_conservative,0.492,59,0.248,-0.3662,0,Functional,0.795,Germline,0.908,N/A,
chr17,7674274,C,A,missense,T,V,69.0,moderately_conservative,0.552,34,0.232,-0.2185,0,Functional,0.761,Germline,0.902,N/A,
chr17,7673748,A,C,missense,K,F,102.0,moderately_radical,0.48,114,0.566,-0.0788,0,Functional,0.725,Germline,0.897,N/A,
chr17,7676203,G,T,missense,E,F,160.0,radical,0.502,65,0.546,0.2738,0,Functional,0.526,Germline,0.99,N/A,
chr17,7673710,A,T,missense,T,R,71.0,moderately_conservative,0.544,30,0.362,0.0058,0,Functional,0.804,Germline,0.971,N/A,
chr17,7674246,C,G,missense,N,R,86.0,moderately_conservative,0.538,46,0.378,-0.2516,0,Functional,0.724,Germline,0.955,N/A,
chr17,7674187,A,G,missense,D,T,85.0,moderately_conservative,0.529,88,0.273,-0.0016,0,Functional,0.79,Germline,0.861,N/A,
chr17,7674866,C,G,missense,P,I,95.0,moderately_conservative,0.47,88,0.439,0.298,0,Functional,0.545,Germline,0.947,N/A,
chr17,7676191,C,T,missense,P,V,68.0,moderately_conservative,0.483,41,0.25,-0.3011,0,Functional,0.744,Germline,0.902,N/A,
chr17,7675151,G,C,missense,G,Y,147.0,moderately_radical,0.498,91,0.553,0.2855,0,Non-functional,0.642,Germline,0.969,Germline,0.922
chr17,7676224,G,A,missense,D,V,152.0,radical,0.467,107,0.515,0.44,0,Functional,0.508,Germline,0.934,N/A,
chr17,7676578,C,G,missense,S,E,80.0,moderately_conservative,0.541,107,0.236,-0.0877,0,Functional,0.725,Germline,0.853,N/A,
chr17,7673724,T,G,missense,L,N,153.0,radical,0.519,36,0.507,0.3681,0,Functional,0.55,Germline,0.979,N/A,
chr17,7669628,A,G,missense,E,T,65.0,moderately_conservative,0.532,49,0.194,-0.1082,0,Functional,0.736,Germline,0.896,N/A,
chr17,7674193,T,A,missense,L,D,172.0,radical,0.6,48,0.516,0.2065,0,Non-functional,0.628,Germline,0.981,Germline,0.969
